organization_id,organization_name,action,incentive_name,track_name,countries
1,Clinton Foundation,CA_INTRO,$25 Amazon Gift Card,Postpartum,"US, AU, CA, FR, DE, IT, JP, MX, SG, ES, SE, AE, GB"
1,Clinton Foundation,CA_INTRO,$25 Amazon Gift Card,Pregnancy,"US, AU, CA, FR, DE, IT, JP, MX, SG, ES, SE, AE, GB"
1,Clinton Foundation,OFFBOARDING_ASSESSMENT,$20 Amazon Gift Card,egg_freezing,"US, AU, CA, FR, DE, IT, JP, MX, SG, ES, SE, AE, GB"
1,Clinton Foundation,OFFBOARDING_ASSESSMENT,$20 Amazon Gift Card,fertility,"US, AU, CA, FR, DE, IT, JP, MX, SG, ES, SE, AE, GB"
1,Clinton Foundation,OFFBOARDING_ASSESSMENT,$20 Amazon Gift Card,postpartum,"US, AU, CA, FR, DE, IT, JP, MX, SG, ES, SE, AE, GB"
3,Charlotte Mechanical,CA_INTRO,$25 Amazon Gift Card,Postpartum,"US, AU, CA, FR, DE, IT, JP, MX, SG, ES, SE, AE, GB"
3,Charlotte Mechanical,CA_INTRO,$25 Amazon Gift Card,Pregnancy,"US, AU, CA, FR, DE, IT, JP, MX, SG, ES, SE, AE, GB"
3,Charlotte Mechanical,OFFBOARDING_ASSESSMENT,$20 Amazon Gift Card,egg_freezing,"US, AU, CA, FR, DE, IT, JP, MX, SG, ES, SE, AE, GB"
3,Charlotte Mechanical,OFFBOARDING_ASSESSMENT,$20 Amazon Gift Card,fertility,"US, AU, CA, FR, DE, IT, JP, MX, SG, ES, SE, AE, GB"
3,Charlotte Mechanical,OFFBOARDING_ASSESSMENT,$20 Amazon Gift Card,postpartum,"US, AU, CA, FR, DE, IT, JP, MX, SG, ES, SE, AE, GB"
4,GLG,CA_INTRO,$25 Amazon Gift Card,Postpartum,"US, AU, CA, FR, DE, IT, JP, MX, SG, ES, SE, AE, GB"
4,GLG,CA_INTRO,$25 Amazon Gift Card,Pregnancy,"US, AU, CA, FR, DE, IT, JP, MX, SG, ES, SE, AE, GB"
4,GLG,OFFBOARDING_ASSESSMENT,$20 Amazon Gift Card,egg_freezing,"US, AU, CA, FR, DE, IT, JP, MX, SG, ES, SE, AE, GB"
4,GLG,OFFBOARDING_ASSESSMENT,$20 Amazon Gift Card,fertility,"US, AU, CA, FR, DE, IT, JP, MX, SG, ES, SE, AE, GB"
4,GLG,OFFBOARDING_ASSESSMENT,$20 Amazon Gift Card,postpartum,"US, AU, CA, FR, DE, IT, JP, MX, SG, ES, SE, AE, GB"
5,Protective Life,CA_INTRO,$25 Amazon Gift Card,Postpartum,"US, AU, CA, FR, DE, IT, JP, MX, SG, ES, SE, AE, GB"
5,Protective Life,CA_INTRO,$25 Amazon Gift Card,Pregnancy,"US, AU, CA, FR, DE, IT, JP, MX, SG, ES, SE, AE, GB"
5,Protective Life,OFFBOARDING_ASSESSMENT,$20 Amazon Gift Card,egg_freezing,"US, AU, CA, FR, DE, IT, JP, MX, SG, ES, SE, AE, GB"
5,Protective Life,OFFBOARDING_ASSESSMENT,$20 Amazon Gift Card,fertility,"US, AU, CA, FR, DE, IT, JP, MX, SG, ES, SE, AE, GB"
5,Protective Life,OFFBOARDING_ASSESSMENT,$20 Amazon Gift Card,postpartum,"US, AU, CA, FR, DE, IT, JP, MX, SG, ES, SE, AE, GB"
6,Snap Inc,CA_INTRO,$25 Amazon Gift Card,Postpartum,"US, AU, CA, FR, DE, IT, JP, MX, SG, ES, SE, AE, GB"
6,Snap Inc,CA_INTRO,$25 Amazon Gift Card,Pregnancy,"US, AU, CA, FR, DE, IT, JP, MX, SG, ES, SE, AE, GB"
6,Snap Inc,OFFBOARDING_ASSESSMENT,$20 Amazon Gift Card,egg_freezing,"US, AU, CA, FR, DE, IT, JP, MX, SG, ES, SE, AE, GB"
6,Snap Inc,OFFBOARDING_ASSESSMENT,$20 Amazon Gift Card,fertility,"US, AU, CA, FR, DE, IT, JP, MX, SG, ES, SE, AE, GB"
6,Snap Inc,OFFBOARDING_ASSESSMENT,$20 Amazon Gift Card,postpartum,"US, AU, CA, FR, DE, IT, JP, MX, SG, ES, SE, AE, GB"
7,Verisign Inc,CA_INTRO,$25 Amazon Gift Card,Postpartum,"US, AU, CA, FR, DE, IT, JP, MX, SG, ES, SE, AE, GB"
7,Verisign Inc,CA_INTRO,$25 Amazon Gift Card,Pregnancy,"US, AU, CA, FR, DE, IT, JP, MX, SG, ES, SE, AE, GB"
7,Verisign Inc,OFFBOARDING_ASSESSMENT,$20 Amazon Gift Card,egg_freezing,"US, AU, CA, FR, DE, IT, JP, MX, SG, ES, SE, AE, GB"
7,Verisign Inc,OFFBOARDING_ASSESSMENT,$20 Amazon Gift Card,fertility,"US, AU, CA, FR, DE, IT, JP, MX, SG, ES, SE, AE, GB"
7,Verisign Inc,OFFBOARDING_ASSESSMENT,$20 Amazon Gift Card,postpartum,"US, AU, CA, FR, DE, IT, JP, MX, SG, ES, SE, AE, GB"
8,BTS USA Inc,CA_INTRO,$25 Amazon Gift Card,Postpartum,"US, AU, CA, FR, DE, IT, JP, MX, SG, ES, SE, AE, GB"
8,BTS USA Inc,CA_INTRO,$25 Amazon Gift Card,Pregnancy,"US, AU, CA, FR, DE, IT, JP, MX, SG, ES, SE, AE, GB"
8,BTS USA Inc,OFFBOARDING_ASSESSMENT,$20 Amazon Gift Card,egg_freezing,"US, AU, CA, FR, DE, IT, JP, MX, SG, ES, SE, AE, GB"
8,BTS USA Inc,OFFBOARDING_ASSESSMENT,$20 Amazon Gift Card,fertility,"US, AU, CA, FR, DE, IT, JP, MX, SG, ES, SE, AE, GB"
8,BTS USA Inc,OFFBOARDING_ASSESSMENT,$20 Amazon Gift Card,postpartum,"US, AU, CA, FR, DE, IT, JP, MX, SG, ES, SE, AE, GB"
9,ELOQUII,CA_INTRO,$25 Amazon Gift Card,Postpartum,"US, AU, CA, FR, DE, IT, JP, MX, SG, ES, SE, AE, GB"
9,ELOQUII,CA_INTRO,$25 Amazon Gift Card,Pregnancy,"US, AU, CA, FR, DE, IT, JP, MX, SG, ES, SE, AE, GB"
9,ELOQUII,OFFBOARDING_ASSESSMENT,$20 Amazon Gift Card,egg_freezing,"US, AU, CA, FR, DE, IT, JP, MX, SG, ES, SE, AE, GB"
9,ELOQUII,OFFBOARDING_ASSESSMENT,$20 Amazon Gift Card,fertility,"US, AU, CA, FR, DE, IT, JP, MX, SG, ES, SE, AE, GB"
9,ELOQUII,OFFBOARDING_ASSESSMENT,$20 Amazon Gift Card,postpartum,"US, AU, CA, FR, DE, IT, JP, MX, SG, ES, SE, AE, GB"
10,CGSH,CA_INTRO,$25 Amazon Gift Card,Postpartum,"US, AU, CA, FR, DE, IT, JP, MX, SG, ES, SE, AE, GB"
10,CGSH,CA_INTRO,$25 Amazon Gift Card,Pregnancy,"US, AU, CA, FR, DE, IT, JP, MX, SG, ES, SE, AE, GB"
10,CGSH,OFFBOARDING_ASSESSMENT,$20 Amazon Gift Card,egg_freezing,"US, AU, CA, FR, DE, IT, JP, MX, SG, ES, SE, AE, GB"
10,CGSH,OFFBOARDING_ASSESSMENT,$20 Amazon Gift Card,fertility,"US, AU, CA, FR, DE, IT, JP, MX, SG, ES, SE, AE, GB"
10,CGSH,OFFBOARDING_ASSESSMENT,$20 Amazon Gift Card,postpartum,"US, AU, CA, FR, DE, IT, JP, MX, SG, ES, SE, AE, GB"
11,Carters,CA_INTRO,$25 Amazon Gift Card,Postpartum,"US, AU, CA, FR, DE, IT, JP, MX, SG, ES, SE, AE, GB"
11,Carters,CA_INTRO,$25 Amazon Gift Card,Pregnancy,"US, AU, CA, FR, DE, IT, JP, MX, SG, ES, SE, AE, GB"
11,Carters,OFFBOARDING_ASSESSMENT,$20 Amazon Gift Card,egg_freezing,"US, AU, CA, FR, DE, IT, JP, MX, SG, ES, SE, AE, GB"
11,Carters,OFFBOARDING_ASSESSMENT,$20 Amazon Gift Card,fertility,"US, AU, CA, FR, DE, IT, JP, MX, SG, ES, SE, AE, GB"
11,Carters,OFFBOARDING_ASSESSMENT,$20 Amazon Gift Card,postpartum,"US, AU, CA, FR, DE, IT, JP, MX, SG, ES, SE, AE, GB"
12,Compass Group,CA_INTRO,$25 Amazon Gift Card,Postpartum,"US, AU, CA, FR, DE, IT, JP, MX, SG, ES, SE, AE, GB"
12,Compass Group,CA_INTRO,$25 Amazon Gift Card,Pregnancy,"US, AU, CA, FR, DE, IT, JP, MX, SG, ES, SE, AE, GB"
12,Compass Group,OFFBOARDING_ASSESSMENT,$20 Amazon Gift Card,egg_freezing,"US, AU, CA, FR, DE, IT, JP, MX, SG, ES, SE, AE, GB"
12,Compass Group,OFFBOARDING_ASSESSMENT,$20 Amazon Gift Card,fertility,"US, AU, CA, FR, DE, IT, JP, MX, SG, ES, SE, AE, GB"
12,Compass Group,OFFBOARDING_ASSESSMENT,$20 Amazon Gift Card,postpartum,"US, AU, CA, FR, DE, IT, JP, MX, SG, ES, SE, AE, GB"
13,United Talent Agency,CA_INTRO,$25 Amazon Gift Card,Postpartum,"US, AU, CA, FR, DE, IT, JP, MX, SG, ES, SE, AE, GB"
13,United Talent Agency,CA_INTRO,$25 Amazon Gift Card,Pregnancy,"US, AU, CA, FR, DE, IT, JP, MX, SG, ES, SE, AE, GB"
13,United Talent Agency,OFFBOARDING_ASSESSMENT,$20 Amazon Gift Card,egg_freezing,"US, AU, CA, FR, DE, IT, JP, MX, SG, ES, SE, AE, GB"
13,United Talent Agency,OFFBOARDING_ASSESSMENT,$20 Amazon Gift Card,fertility,"US, AU, CA, FR, DE, IT, JP, MX, SG, ES, SE, AE, GB"
13,United Talent Agency,OFFBOARDING_ASSESSMENT,$20 Amazon Gift Card,postpartum,"US, AU, CA, FR, DE, IT, JP, MX, SG, ES, SE, AE, GB"
14,TransRe,CA_INTRO,$25 Amazon Gift Card,Postpartum,"US, AU, CA, FR, DE, IT, JP, MX, SG, ES, SE, AE, GB"
14,TransRe,CA_INTRO,$25 Amazon Gift Card,Pregnancy,"US, AU, CA, FR, DE, IT, JP, MX, SG, ES, SE, AE, GB"
14,TransRe,OFFBOARDING_ASSESSMENT,$20 Amazon Gift Card,egg_freezing,"US, AU, CA, FR, DE, IT, JP, MX, SG, ES, SE, AE, GB"
14,TransRe,OFFBOARDING_ASSESSMENT,$20 Amazon Gift Card,fertility,"US, AU, CA, FR, DE, IT, JP, MX, SG, ES, SE, AE, GB"
14,TransRe,OFFBOARDING_ASSESSMENT,$20 Amazon Gift Card,postpartum,"US, AU, CA, FR, DE, IT, JP, MX, SG, ES, SE, AE, GB"
15,Bumble,CA_INTRO,$25 Amazon Gift Card,Postpartum,"US, AU, CA, FR, DE, IT, JP, MX, SG, ES, SE, AE, GB"
15,Bumble,CA_INTRO,$25 Amazon Gift Card,Pregnancy,"US, AU, CA, FR, DE, IT, JP, MX, SG, ES, SE, AE, GB"
15,Bumble,OFFBOARDING_ASSESSMENT,$20 Amazon Gift Card,egg_freezing,"US, AU, CA, FR, DE, IT, JP, MX, SG, ES, SE, AE, GB"
15,Bumble,OFFBOARDING_ASSESSMENT,$20 Amazon Gift Card,fertility,"US, AU, CA, FR, DE, IT, JP, MX, SG, ES, SE, AE, GB"
15,Bumble,OFFBOARDING_ASSESSMENT,$20 Amazon Gift Card,postpartum,"US, AU, CA, FR, DE, IT, JP, MX, SG, ES, SE, AE, GB"
16,Lululemon Athletica,CA_INTRO,$25 Amazon Gift Card,Postpartum,"US, AU, CA, FR, DE, IT, JP, MX, SG, ES, SE, AE, GB"
16,Lululemon Athletica,CA_INTRO,$25 Amazon Gift Card,Pregnancy,"US, AU, CA, FR, DE, IT, JP, MX, SG, ES, SE, AE, GB"
16,Lululemon Athletica,OFFBOARDING_ASSESSMENT,$20 Amazon Gift Card,egg_freezing,"US, AU, CA, FR, DE, IT, JP, MX, SG, ES, SE, AE, GB"
16,Lululemon Athletica,OFFBOARDING_ASSESSMENT,$20 Amazon Gift Card,fertility,"US, AU, CA, FR, DE, IT, JP, MX, SG, ES, SE, AE, GB"
16,Lululemon Athletica,OFFBOARDING_ASSESSMENT,$20 Amazon Gift Card,postpartum,"US, AU, CA, FR, DE, IT, JP, MX, SG, ES, SE, AE, GB"
17,White & Case LLP,CA_INTRO,$25 Amazon Gift Card,Postpartum,"US, AU, CA, FR, DE, IT, JP, MX, SG, ES, SE, AE, GB"
17,White & Case LLP,CA_INTRO,$25 Amazon Gift Card,Pregnancy,"US, AU, CA, FR, DE, IT, JP, MX, SG, ES, SE, AE, GB"
17,White & Case LLP,OFFBOARDING_ASSESSMENT,$20 Amazon Gift Card,egg_freezing,"US, AU, CA, FR, DE, IT, JP, MX, SG, ES, SE, AE, GB"
17,White & Case LLP,OFFBOARDING_ASSESSMENT,$20 Amazon Gift Card,fertility,"US, AU, CA, FR, DE, IT, JP, MX, SG, ES, SE, AE, GB"
17,White & Case LLP,OFFBOARDING_ASSESSMENT,$20 Amazon Gift Card,postpartum,"US, AU, CA, FR, DE, IT, JP, MX, SG, ES, SE, AE, GB"
18,Glossier,CA_INTRO,$25 Amazon Gift Card,Postpartum,"US, AU, CA, FR, DE, IT, JP, MX, SG, ES, SE, AE, GB"
18,Glossier,CA_INTRO,$25 Amazon Gift Card,Pregnancy,"US, AU, CA, FR, DE, IT, JP, MX, SG, ES, SE, AE, GB"
18,Glossier,OFFBOARDING_ASSESSMENT,$20 Amazon Gift Card,egg_freezing,"US, AU, CA, FR, DE, IT, JP, MX, SG, ES, SE, AE, GB"
18,Glossier,OFFBOARDING_ASSESSMENT,$20 Amazon Gift Card,fertility,"US, AU, CA, FR, DE, IT, JP, MX, SG, ES, SE, AE, GB"
18,Glossier,OFFBOARDING_ASSESSMENT,$20 Amazon Gift Card,postpartum,"US, AU, CA, FR, DE, IT, JP, MX, SG, ES, SE, AE, GB"
20,Lululemon Canada,CA_INTRO,$25 Amazon Gift Card,Postpartum,"US, AU, CA, FR, DE, IT, JP, MX, SG, ES, SE, AE, GB"
20,Lululemon Canada,CA_INTRO,$25 Amazon Gift Card,Pregnancy,"US, AU, CA, FR, DE, IT, JP, MX, SG, ES, SE, AE, GB"
20,Lululemon Canada,OFFBOARDING_ASSESSMENT,$20 Amazon Gift Card,egg_freezing,"US, AU, CA, FR, DE, IT, JP, MX, SG, ES, SE, AE, GB"
20,Lululemon Canada,OFFBOARDING_ASSESSMENT,$20 Amazon Gift Card,fertility,"US, AU, CA, FR, DE, IT, JP, MX, SG, ES, SE, AE, GB"
20,Lululemon Canada,OFFBOARDING_ASSESSMENT,$20 Amazon Gift Card,postpartum,"US, AU, CA, FR, DE, IT, JP, MX, SG, ES, SE, AE, GB"
21,Away,CA_INTRO,$25 Amazon Gift Card,Postpartum,"US, AU, CA, FR, DE, IT, JP, MX, SG, ES, SE, AE, GB"
21,Away,CA_INTRO,$25 Amazon Gift Card,Pregnancy,"US, AU, CA, FR, DE, IT, JP, MX, SG, ES, SE, AE, GB"
21,Away,OFFBOARDING_ASSESSMENT,$20 Amazon Gift Card,egg_freezing,"US, AU, CA, FR, DE, IT, JP, MX, SG, ES, SE, AE, GB"
21,Away,OFFBOARDING_ASSESSMENT,$20 Amazon Gift Card,fertility,"US, AU, CA, FR, DE, IT, JP, MX, SG, ES, SE, AE, GB"
21,Away,OFFBOARDING_ASSESSMENT,$20 Amazon Gift Card,postpartum,"US, AU, CA, FR, DE, IT, JP, MX, SG, ES, SE, AE, GB"
22,Buzzfeed,CA_INTRO,$25 Amazon Gift Card,Postpartum,"US, AU, CA, FR, DE, IT, JP, MX, SG, ES, SE, AE, GB"
22,Buzzfeed,CA_INTRO,$25 Amazon Gift Card,Pregnancy,"US, AU, CA, FR, DE, IT, JP, MX, SG, ES, SE, AE, GB"
22,Buzzfeed,OFFBOARDING_ASSESSMENT,$20 Amazon Gift Card,egg_freezing,"US, AU, CA, FR, DE, IT, JP, MX, SG, ES, SE, AE, GB"
22,Buzzfeed,OFFBOARDING_ASSESSMENT,$20 Amazon Gift Card,fertility,"US, AU, CA, FR, DE, IT, JP, MX, SG, ES, SE, AE, GB"
22,Buzzfeed,OFFBOARDING_ASSESSMENT,$20 Amazon Gift Card,postpartum,"US, AU, CA, FR, DE, IT, JP, MX, SG, ES, SE, AE, GB"
23,Weitz and Luxenberg PC,CA_INTRO,$25 Amazon Gift Card,Postpartum,"US, AU, CA, FR, DE, IT, JP, MX, SG, ES, SE, AE, GB"
23,Weitz and Luxenberg PC,CA_INTRO,$25 Amazon Gift Card,Pregnancy,"US, AU, CA, FR, DE, IT, JP, MX, SG, ES, SE, AE, GB"
23,Weitz and Luxenberg PC,OFFBOARDING_ASSESSMENT,$20 Amazon Gift Card,egg_freezing,"US, AU, CA, FR, DE, IT, JP, MX, SG, ES, SE, AE, GB"
23,Weitz and Luxenberg PC,OFFBOARDING_ASSESSMENT,$20 Amazon Gift Card,fertility,"US, AU, CA, FR, DE, IT, JP, MX, SG, ES, SE, AE, GB"
23,Weitz and Luxenberg PC,OFFBOARDING_ASSESSMENT,$20 Amazon Gift Card,postpartum,"US, AU, CA, FR, DE, IT, JP, MX, SG, ES, SE, AE, GB"
24,Intuitive Surgical,CA_INTRO,$25 Amazon Gift Card,Postpartum,"US, AU, CA, FR, DE, IT, JP, MX, SG, ES, SE, AE, GB"
24,Intuitive Surgical,CA_INTRO,$25 Amazon Gift Card,Pregnancy,"US, AU, CA, FR, DE, IT, JP, MX, SG, ES, SE, AE, GB"
24,Intuitive Surgical,OFFBOARDING_ASSESSMENT,$20 Amazon Gift Card,egg_freezing,"US, AU, CA, FR, DE, IT, JP, MX, SG, ES, SE, AE, GB"
24,Intuitive Surgical,OFFBOARDING_ASSESSMENT,$20 Amazon Gift Card,fertility,"US, AU, CA, FR, DE, IT, JP, MX, SG, ES, SE, AE, GB"
24,Intuitive Surgical,OFFBOARDING_ASSESSMENT,$20 Amazon Gift Card,postpartum,"US, AU, CA, FR, DE, IT, JP, MX, SG, ES, SE, AE, GB"
25,AXIS Capital,CA_INTRO,$25 Amazon Gift Card,Postpartum,"US, AU, CA, FR, DE, IT, JP, MX, SG, ES, SE, AE, GB"
25,AXIS Capital,CA_INTRO,$25 Amazon Gift Card,Pregnancy,"US, AU, CA, FR, DE, IT, JP, MX, SG, ES, SE, AE, GB"
25,AXIS Capital,OFFBOARDING_ASSESSMENT,$20 Amazon Gift Card,egg_freezing,"US, AU, CA, FR, DE, IT, JP, MX, SG, ES, SE, AE, GB"
25,AXIS Capital,OFFBOARDING_ASSESSMENT,$20 Amazon Gift Card,fertility,"US, AU, CA, FR, DE, IT, JP, MX, SG, ES, SE, AE, GB"
25,AXIS Capital,OFFBOARDING_ASSESSMENT,$20 Amazon Gift Card,postpartum,"US, AU, CA, FR, DE, IT, JP, MX, SG, ES, SE, AE, GB"
26,Fortive Corp,CA_INTRO,$25 Amazon Gift Card,Postpartum,"US, AU, CA, FR, DE, IT, JP, MX, SG, ES, SE, AE, GB"
26,Fortive Corp,CA_INTRO,$25 Amazon Gift Card,Pregnancy,"US, AU, CA, FR, DE, IT, JP, MX, SG, ES, SE, AE, GB"
26,Fortive Corp,OFFBOARDING_ASSESSMENT,$20 Amazon Gift Card,egg_freezing,"US, AU, CA, FR, DE, IT, JP, MX, SG, ES, SE, AE, GB"
26,Fortive Corp,OFFBOARDING_ASSESSMENT,$20 Amazon Gift Card,fertility,"US, AU, CA, FR, DE, IT, JP, MX, SG, ES, SE, AE, GB"
26,Fortive Corp,OFFBOARDING_ASSESSMENT,$20 Amazon Gift Card,postpartum,"US, AU, CA, FR, DE, IT, JP, MX, SG, ES, SE, AE, GB"
27,Assurance,CA_INTRO,$25 Amazon Gift Card,Postpartum,"US, AU, CA, FR, DE, IT, JP, MX, SG, ES, SE, AE, GB"
27,Assurance,CA_INTRO,$25 Amazon Gift Card,Pregnancy,"US, AU, CA, FR, DE, IT, JP, MX, SG, ES, SE, AE, GB"
27,Assurance,OFFBOARDING_ASSESSMENT,$20 Amazon Gift Card,egg_freezing,"US, AU, CA, FR, DE, IT, JP, MX, SG, ES, SE, AE, GB"
27,Assurance,OFFBOARDING_ASSESSMENT,$20 Amazon Gift Card,fertility,"US, AU, CA, FR, DE, IT, JP, MX, SG, ES, SE, AE, GB"
27,Assurance,OFFBOARDING_ASSESSMENT,$20 Amazon Gift Card,postpartum,"US, AU, CA, FR, DE, IT, JP, MX, SG, ES, SE, AE, GB"
28,Sunrun,CA_INTRO,$25 Amazon Gift Card,Postpartum,"US, AU, CA, FR, DE, IT, JP, MX, SG, ES, SE, AE, GB"
28,Sunrun,CA_INTRO,$25 Amazon Gift Card,Pregnancy,"US, AU, CA, FR, DE, IT, JP, MX, SG, ES, SE, AE, GB"
28,Sunrun,OFFBOARDING_ASSESSMENT,$20 Amazon Gift Card,egg_freezing,"US, AU, CA, FR, DE, IT, JP, MX, SG, ES, SE, AE, GB"
28,Sunrun,OFFBOARDING_ASSESSMENT,$20 Amazon Gift Card,fertility,"US, AU, CA, FR, DE, IT, JP, MX, SG, ES, SE, AE, GB"
28,Sunrun,OFFBOARDING_ASSESSMENT,$20 Amazon Gift Card,postpartum,"US, AU, CA, FR, DE, IT, JP, MX, SG, ES, SE, AE, GB"
29,Saks / HBC,CA_INTRO,$25 Amazon Gift Card,Postpartum,"US, AU, CA, FR, DE, IT, JP, MX, SG, ES, SE, AE, GB"
29,Saks / HBC,CA_INTRO,$25 Amazon Gift Card,Pregnancy,"US, AU, CA, FR, DE, IT, JP, MX, SG, ES, SE, AE, GB"
29,Saks / HBC,OFFBOARDING_ASSESSMENT,$20 Amazon Gift Card,egg_freezing,"US, AU, CA, FR, DE, IT, JP, MX, SG, ES, SE, AE, GB"
29,Saks / HBC,OFFBOARDING_ASSESSMENT,$20 Amazon Gift Card,fertility,"US, AU, CA, FR, DE, IT, JP, MX, SG, ES, SE, AE, GB"
29,Saks / HBC,OFFBOARDING_ASSESSMENT,$20 Amazon Gift Card,postpartum,"US, AU, CA, FR, DE, IT, JP, MX, SG, ES, SE, AE, GB"
30,Zynga Inc,CA_INTRO,$25 Amazon Gift Card,Postpartum,"US, AU, CA, FR, DE, IT, JP, MX, SG, ES, SE, AE, GB"
30,Zynga Inc,CA_INTRO,$25 Amazon Gift Card,Pregnancy,"US, AU, CA, FR, DE, IT, JP, MX, SG, ES, SE, AE, GB"
30,Zynga Inc,OFFBOARDING_ASSESSMENT,$20 Amazon Gift Card,egg_freezing,"US, AU, CA, FR, DE, IT, JP, MX, SG, ES, SE, AE, GB"
30,Zynga Inc,OFFBOARDING_ASSESSMENT,$20 Amazon Gift Card,fertility,"US, AU, CA, FR, DE, IT, JP, MX, SG, ES, SE, AE, GB"
30,Zynga Inc,OFFBOARDING_ASSESSMENT,$20 Amazon Gift Card,postpartum,"US, AU, CA, FR, DE, IT, JP, MX, SG, ES, SE, AE, GB"
31,Veritas,CA_INTRO,$25 Amazon Gift Card,Postpartum,"US, AU, CA, FR, DE, IT, JP, MX, SG, ES, SE, AE, GB"
31,Veritas,CA_INTRO,$25 Amazon Gift Card,Pregnancy,"US, AU, CA, FR, DE, IT, JP, MX, SG, ES, SE, AE, GB"
31,Veritas,OFFBOARDING_ASSESSMENT,$20 Amazon Gift Card,egg_freezing,"US, AU, CA, FR, DE, IT, JP, MX, SG, ES, SE, AE, GB"
31,Veritas,OFFBOARDING_ASSESSMENT,$20 Amazon Gift Card,fertility,"US, AU, CA, FR, DE, IT, JP, MX, SG, ES, SE, AE, GB"
31,Veritas,OFFBOARDING_ASSESSMENT,$20 Amazon Gift Card,postpartum,"US, AU, CA, FR, DE, IT, JP, MX, SG, ES, SE, AE, GB"
32,Moss Adams,CA_INTRO,$25 Amazon Gift Card,Postpartum,"US, AU, CA, FR, DE, IT, JP, MX, SG, ES, SE, AE, GB"
32,Moss Adams,CA_INTRO,$25 Amazon Gift Card,Pregnancy,"US, AU, CA, FR, DE, IT, JP, MX, SG, ES, SE, AE, GB"
32,Moss Adams,OFFBOARDING_ASSESSMENT,$20 Amazon Gift Card,egg_freezing,"US, AU, CA, FR, DE, IT, JP, MX, SG, ES, SE, AE, GB"
32,Moss Adams,OFFBOARDING_ASSESSMENT,$20 Amazon Gift Card,fertility,"US, AU, CA, FR, DE, IT, JP, MX, SG, ES, SE, AE, GB"
32,Moss Adams,OFFBOARDING_ASSESSMENT,$20 Amazon Gift Card,postpartum,"US, AU, CA, FR, DE, IT, JP, MX, SG, ES, SE, AE, GB"
36,FONA International,CA_INTRO,$25 Amazon Gift Card,Postpartum,"US, AU, CA, FR, DE, IT, JP, MX, SG, ES, SE, AE, GB"
36,FONA International,CA_INTRO,$25 Amazon Gift Card,Pregnancy,"US, AU, CA, FR, DE, IT, JP, MX, SG, ES, SE, AE, GB"
36,FONA International,OFFBOARDING_ASSESSMENT,$20 Amazon Gift Card,egg_freezing,"US, AU, CA, FR, DE, IT, JP, MX, SG, ES, SE, AE, GB"
36,FONA International,OFFBOARDING_ASSESSMENT,$20 Amazon Gift Card,fertility,"US, AU, CA, FR, DE, IT, JP, MX, SG, ES, SE, AE, GB"
36,FONA International,OFFBOARDING_ASSESSMENT,$20 Amazon Gift Card,postpartum,"US, AU, CA, FR, DE, IT, JP, MX, SG, ES, SE, AE, GB"
37,XPO Logistics,CA_INTRO,$25 Amazon Gift Card,Postpartum,"US, AU, CA, FR, DE, IT, JP, MX, SG, ES, SE, AE, GB"
37,XPO Logistics,CA_INTRO,$25 Amazon Gift Card,Pregnancy,"US, AU, CA, FR, DE, IT, JP, MX, SG, ES, SE, AE, GB"
37,XPO Logistics,OFFBOARDING_ASSESSMENT,$20 Amazon Gift Card,egg_freezing,"US, AU, CA, FR, DE, IT, JP, MX, SG, ES, SE, AE, GB"
37,XPO Logistics,OFFBOARDING_ASSESSMENT,$20 Amazon Gift Card,fertility,"US, AU, CA, FR, DE, IT, JP, MX, SG, ES, SE, AE, GB"
37,XPO Logistics,OFFBOARDING_ASSESSMENT,$20 Amazon Gift Card,postpartum,"US, AU, CA, FR, DE, IT, JP, MX, SG, ES, SE, AE, GB"
38,HireVue,CA_INTRO,$25 Amazon Gift Card,Postpartum,"US, AU, CA, FR, DE, IT, JP, MX, SG, ES, SE, AE, GB"
38,HireVue,CA_INTRO,$25 Amazon Gift Card,Pregnancy,"US, AU, CA, FR, DE, IT, JP, MX, SG, ES, SE, AE, GB"
38,HireVue,OFFBOARDING_ASSESSMENT,$20 Amazon Gift Card,egg_freezing,"US, AU, CA, FR, DE, IT, JP, MX, SG, ES, SE, AE, GB"
38,HireVue,OFFBOARDING_ASSESSMENT,$20 Amazon Gift Card,fertility,"US, AU, CA, FR, DE, IT, JP, MX, SG, ES, SE, AE, GB"
38,HireVue,OFFBOARDING_ASSESSMENT,$20 Amazon Gift Card,postpartum,"US, AU, CA, FR, DE, IT, JP, MX, SG, ES, SE, AE, GB"
39,Sequoia Capital,CA_INTRO,$25 Amazon Gift Card,Postpartum,"US, AU, CA, FR, DE, IT, JP, MX, SG, ES, SE, AE, GB"
39,Sequoia Capital,CA_INTRO,$25 Amazon Gift Card,Pregnancy,"US, AU, CA, FR, DE, IT, JP, MX, SG, ES, SE, AE, GB"
39,Sequoia Capital,OFFBOARDING_ASSESSMENT,$20 Amazon Gift Card,egg_freezing,"US, AU, CA, FR, DE, IT, JP, MX, SG, ES, SE, AE, GB"
39,Sequoia Capital,OFFBOARDING_ASSESSMENT,$20 Amazon Gift Card,fertility,"US, AU, CA, FR, DE, IT, JP, MX, SG, ES, SE, AE, GB"
39,Sequoia Capital,OFFBOARDING_ASSESSMENT,$20 Amazon Gift Card,postpartum,"US, AU, CA, FR, DE, IT, JP, MX, SG, ES, SE, AE, GB"
40,Factual - Acquired by Foursquare,CA_INTRO,$25 Amazon Gift Card,Postpartum,"US, AU, CA, FR, DE, IT, JP, MX, SG, ES, SE, AE, GB"
40,Factual - Acquired by Foursquare,CA_INTRO,$25 Amazon Gift Card,Pregnancy,"US, AU, CA, FR, DE, IT, JP, MX, SG, ES, SE, AE, GB"
40,Factual - Acquired by Foursquare,OFFBOARDING_ASSESSMENT,$20 Amazon Gift Card,egg_freezing,"US, AU, CA, FR, DE, IT, JP, MX, SG, ES, SE, AE, GB"
40,Factual - Acquired by Foursquare,OFFBOARDING_ASSESSMENT,$20 Amazon Gift Card,fertility,"US, AU, CA, FR, DE, IT, JP, MX, SG, ES, SE, AE, GB"
40,Factual - Acquired by Foursquare,OFFBOARDING_ASSESSMENT,$20 Amazon Gift Card,postpartum,"US, AU, CA, FR, DE, IT, JP, MX, SG, ES, SE, AE, GB"
41,Ocean Spray Cranberries,CA_INTRO,$25 Amazon Gift Card,Postpartum,"US, AU, CA, FR, DE, IT, JP, MX, SG, ES, SE, AE, GB"
41,Ocean Spray Cranberries,CA_INTRO,$25 Amazon Gift Card,Pregnancy,"US, AU, CA, FR, DE, IT, JP, MX, SG, ES, SE, AE, GB"
41,Ocean Spray Cranberries,OFFBOARDING_ASSESSMENT,$20 Amazon Gift Card,egg_freezing,"US, AU, CA, FR, DE, IT, JP, MX, SG, ES, SE, AE, GB"
41,Ocean Spray Cranberries,OFFBOARDING_ASSESSMENT,$20 Amazon Gift Card,fertility,"US, AU, CA, FR, DE, IT, JP, MX, SG, ES, SE, AE, GB"
41,Ocean Spray Cranberries,OFFBOARDING_ASSESSMENT,$20 Amazon Gift Card,postpartum,"US, AU, CA, FR, DE, IT, JP, MX, SG, ES, SE, AE, GB"
43,Keystone Real Estate Group,CA_INTRO,$25 Amazon Gift Card,Postpartum,"US, AU, CA, FR, DE, IT, JP, MX, SG, ES, SE, AE, GB"
43,Keystone Real Estate Group,CA_INTRO,$25 Amazon Gift Card,Pregnancy,"US, AU, CA, FR, DE, IT, JP, MX, SG, ES, SE, AE, GB"
43,Keystone Real Estate Group,OFFBOARDING_ASSESSMENT,$20 Amazon Gift Card,egg_freezing,"US, AU, CA, FR, DE, IT, JP, MX, SG, ES, SE, AE, GB"
43,Keystone Real Estate Group,OFFBOARDING_ASSESSMENT,$20 Amazon Gift Card,fertility,"US, AU, CA, FR, DE, IT, JP, MX, SG, ES, SE, AE, GB"
43,Keystone Real Estate Group,OFFBOARDING_ASSESSMENT,$20 Amazon Gift Card,postpartum,"US, AU, CA, FR, DE, IT, JP, MX, SG, ES, SE, AE, GB"
46,Riot Games Inc,CA_INTRO,$25 Amazon Gift Card,Postpartum,"US, AU, CA, FR, DE, IT, JP, MX, SG, ES, SE, AE, GB"
46,Riot Games Inc,CA_INTRO,$25 Amazon Gift Card,Pregnancy,"US, AU, CA, FR, DE, IT, JP, MX, SG, ES, SE, AE, GB"
46,Riot Games Inc,OFFBOARDING_ASSESSMENT,$20 Amazon Gift Card,egg_freezing,"US, AU, CA, FR, DE, IT, JP, MX, SG, ES, SE, AE, GB"
46,Riot Games Inc,OFFBOARDING_ASSESSMENT,$20 Amazon Gift Card,fertility,"US, AU, CA, FR, DE, IT, JP, MX, SG, ES, SE, AE, GB"
46,Riot Games Inc,OFFBOARDING_ASSESSMENT,$20 Amazon Gift Card,postpartum,"US, AU, CA, FR, DE, IT, JP, MX, SG, ES, SE, AE, GB"
47,Bank of America,CA_INTRO,Maven Welcome Box,postpartum,US
47,Bank of America,CA_INTRO,Maven Welcome Box,pregnancy,US
48,Supercell,CA_INTRO,$25 Amazon Gift Card,Postpartum,"US, AU, CA, FR, DE, IT, JP, MX, SG, ES, SE, AE, GB"
48,Supercell,CA_INTRO,$25 Amazon Gift Card,Pregnancy,"US, AU, CA, FR, DE, IT, JP, MX, SG, ES, SE, AE, GB"
48,Supercell,OFFBOARDING_ASSESSMENT,$20 Amazon Gift Card,egg_freezing,"US, AU, CA, FR, DE, IT, JP, MX, SG, ES, SE, AE, GB"
48,Supercell,OFFBOARDING_ASSESSMENT,$20 Amazon Gift Card,fertility,"US, AU, CA, FR, DE, IT, JP, MX, SG, ES, SE, AE, GB"
48,Supercell,OFFBOARDING_ASSESSMENT,$20 Amazon Gift Card,postpartum,"US, AU, CA, FR, DE, IT, JP, MX, SG, ES, SE, AE, GB"
49,Basis Technologies (fka Centro),CA_INTRO,$25 Amazon Gift Card,Postpartum,"US, AU, CA, FR, DE, IT, JP, MX, SG, ES, SE, AE, GB"
49,Basis Technologies (fka Centro),CA_INTRO,$25 Amazon Gift Card,Pregnancy,"US, AU, CA, FR, DE, IT, JP, MX, SG, ES, SE, AE, GB"
49,Basis Technologies (fka Centro),OFFBOARDING_ASSESSMENT,$20 Amazon Gift Card,egg_freezing,"US, AU, CA, FR, DE, IT, JP, MX, SG, ES, SE, AE, GB"
49,Basis Technologies (fka Centro),OFFBOARDING_ASSESSMENT,$20 Amazon Gift Card,fertility,"US, AU, CA, FR, DE, IT, JP, MX, SG, ES, SE, AE, GB"
49,Basis Technologies (fka Centro),OFFBOARDING_ASSESSMENT,$20 Amazon Gift Card,postpartum,"US, AU, CA, FR, DE, IT, JP, MX, SG, ES, SE, AE, GB"
50,Softbank Investment Advisers,CA_INTRO,$25 Amazon Gift Card,Postpartum,"US, AU, CA, FR, DE, IT, JP, MX, SG, ES, SE, AE, GB"
50,Softbank Investment Advisers,CA_INTRO,$25 Amazon Gift Card,Pregnancy,"US, AU, CA, FR, DE, IT, JP, MX, SG, ES, SE, AE, GB"
50,Softbank Investment Advisers,OFFBOARDING_ASSESSMENT,$20 Amazon Gift Card,egg_freezing,"US, AU, CA, FR, DE, IT, JP, MX, SG, ES, SE, AE, GB"
50,Softbank Investment Advisers,OFFBOARDING_ASSESSMENT,$20 Amazon Gift Card,fertility,"US, AU, CA, FR, DE, IT, JP, MX, SG, ES, SE, AE, GB"
50,Softbank Investment Advisers,OFFBOARDING_ASSESSMENT,$20 Amazon Gift Card,postpartum,"US, AU, CA, FR, DE, IT, JP, MX, SG, ES, SE, AE, GB"
53,Tory Burch,CA_INTRO,$25 Amazon Gift Card,Postpartum,"US, AU, CA, FR, DE, IT, JP, MX, SG, ES, SE, AE, GB"
53,Tory Burch,CA_INTRO,$25 Amazon Gift Card,Pregnancy,"US, AU, CA, FR, DE, IT, JP, MX, SG, ES, SE, AE, GB"
53,Tory Burch,OFFBOARDING_ASSESSMENT,$20 Amazon Gift Card,egg_freezing,"US, AU, CA, FR, DE, IT, JP, MX, SG, ES, SE, AE, GB"
53,Tory Burch,OFFBOARDING_ASSESSMENT,$20 Amazon Gift Card,fertility,"US, AU, CA, FR, DE, IT, JP, MX, SG, ES, SE, AE, GB"
53,Tory Burch,OFFBOARDING_ASSESSMENT,$20 Amazon Gift Card,postpartum,"US, AU, CA, FR, DE, IT, JP, MX, SG, ES, SE, AE, GB"
56,Index Ventures,CA_INTRO,$25 Amazon Gift Card,Postpartum,"US, AU, CA, FR, DE, IT, JP, MX, SG, ES, SE, AE, GB"
56,Index Ventures,CA_INTRO,$25 Amazon Gift Card,Pregnancy,"US, AU, CA, FR, DE, IT, JP, MX, SG, ES, SE, AE, GB"
56,Index Ventures,OFFBOARDING_ASSESSMENT,$20 Amazon Gift Card,egg_freezing,"US, AU, CA, FR, DE, IT, JP, MX, SG, ES, SE, AE, GB"
56,Index Ventures,OFFBOARDING_ASSESSMENT,$20 Amazon Gift Card,fertility,"US, AU, CA, FR, DE, IT, JP, MX, SG, ES, SE, AE, GB"
56,Index Ventures,OFFBOARDING_ASSESSMENT,$20 Amazon Gift Card,postpartum,"US, AU, CA, FR, DE, IT, JP, MX, SG, ES, SE, AE, GB"
58,Geosyntec Consultants,CA_INTRO,$25 Amazon Gift Card,Postpartum,"US, AU, CA, FR, DE, IT, JP, MX, SG, ES, SE, AE, GB"
58,Geosyntec Consultants,CA_INTRO,$25 Amazon Gift Card,Pregnancy,"US, AU, CA, FR, DE, IT, JP, MX, SG, ES, SE, AE, GB"
58,Geosyntec Consultants,OFFBOARDING_ASSESSMENT,$20 Amazon Gift Card,egg_freezing,"US, AU, CA, FR, DE, IT, JP, MX, SG, ES, SE, AE, GB"
58,Geosyntec Consultants,OFFBOARDING_ASSESSMENT,$20 Amazon Gift Card,fertility,"US, AU, CA, FR, DE, IT, JP, MX, SG, ES, SE, AE, GB"
58,Geosyntec Consultants,OFFBOARDING_ASSESSMENT,$20 Amazon Gift Card,postpartum,"US, AU, CA, FR, DE, IT, JP, MX, SG, ES, SE, AE, GB"
59,Hulu,CA_INTRO,$25 Amazon Gift Card,Postpartum,"US, AU, CA, FR, DE, IT, JP, MX, SG, ES, SE, AE, GB"
59,Hulu,CA_INTRO,$25 Amazon Gift Card,Pregnancy,"US, AU, CA, FR, DE, IT, JP, MX, SG, ES, SE, AE, GB"
59,Hulu,OFFBOARDING_ASSESSMENT,$20 Amazon Gift Card,egg_freezing,"US, AU, CA, FR, DE, IT, JP, MX, SG, ES, SE, AE, GB"
59,Hulu,OFFBOARDING_ASSESSMENT,$20 Amazon Gift Card,fertility,"US, AU, CA, FR, DE, IT, JP, MX, SG, ES, SE, AE, GB"
59,Hulu,OFFBOARDING_ASSESSMENT,$20 Amazon Gift Card,postpartum,"US, AU, CA, FR, DE, IT, JP, MX, SG, ES, SE, AE, GB"
60,Planned Parenthood of Illinois,CA_INTRO,$25 Amazon Gift Card,Postpartum,"US, AU, CA, FR, DE, IT, JP, MX, SG, ES, SE, AE, GB"
60,Planned Parenthood of Illinois,CA_INTRO,$25 Amazon Gift Card,Pregnancy,"US, AU, CA, FR, DE, IT, JP, MX, SG, ES, SE, AE, GB"
60,Planned Parenthood of Illinois,OFFBOARDING_ASSESSMENT,$20 Amazon Gift Card,egg_freezing,"US, AU, CA, FR, DE, IT, JP, MX, SG, ES, SE, AE, GB"
60,Planned Parenthood of Illinois,OFFBOARDING_ASSESSMENT,$20 Amazon Gift Card,fertility,"US, AU, CA, FR, DE, IT, JP, MX, SG, ES, SE, AE, GB"
60,Planned Parenthood of Illinois,OFFBOARDING_ASSESSMENT,$20 Amazon Gift Card,postpartum,"US, AU, CA, FR, DE, IT, JP, MX, SG, ES, SE, AE, GB"
61,Workday,CA_INTRO,$25 Amazon Gift Card,Postpartum,"US, AU, CA, FR, DE, IT, JP, MX, SG, ES, SE, AE, GB"
61,Workday,CA_INTRO,$25 Amazon Gift Card,Pregnancy,"US, AU, CA, FR, DE, IT, JP, MX, SG, ES, SE, AE, GB"
61,Workday,OFFBOARDING_ASSESSMENT,$20 Amazon Gift Card,egg_freezing,"US, AU, CA, FR, DE, IT, JP, MX, SG, ES, SE, AE, GB"
61,Workday,OFFBOARDING_ASSESSMENT,$20 Amazon Gift Card,fertility,"US, AU, CA, FR, DE, IT, JP, MX, SG, ES, SE, AE, GB"
61,Workday,OFFBOARDING_ASSESSMENT,$20 Amazon Gift Card,postpartum,"US, AU, CA, FR, DE, IT, JP, MX, SG, ES, SE, AE, GB"
62,SoFi,CA_INTRO,$25 Amazon Gift Card,Postpartum,"US, AU, CA, FR, DE, IT, JP, MX, SG, ES, SE, AE, GB"
62,SoFi,CA_INTRO,$25 Amazon Gift Card,Pregnancy,"US, AU, CA, FR, DE, IT, JP, MX, SG, ES, SE, AE, GB"
62,SoFi,OFFBOARDING_ASSESSMENT,$20 Amazon Gift Card,egg_freezing,"US, AU, CA, FR, DE, IT, JP, MX, SG, ES, SE, AE, GB"
62,SoFi,OFFBOARDING_ASSESSMENT,$20 Amazon Gift Card,fertility,"US, AU, CA, FR, DE, IT, JP, MX, SG, ES, SE, AE, GB"
62,SoFi,OFFBOARDING_ASSESSMENT,$20 Amazon Gift Card,postpartum,"US, AU, CA, FR, DE, IT, JP, MX, SG, ES, SE, AE, GB"
63,Precor,CA_INTRO,$25 Amazon Gift Card,Postpartum,"US, AU, CA, FR, DE, IT, JP, MX, SG, ES, SE, AE, GB"
63,Precor,CA_INTRO,$25 Amazon Gift Card,Pregnancy,"US, AU, CA, FR, DE, IT, JP, MX, SG, ES, SE, AE, GB"
63,Precor,OFFBOARDING_ASSESSMENT,$20 Amazon Gift Card,egg_freezing,"US, AU, CA, FR, DE, IT, JP, MX, SG, ES, SE, AE, GB"
63,Precor,OFFBOARDING_ASSESSMENT,$20 Amazon Gift Card,fertility,"US, AU, CA, FR, DE, IT, JP, MX, SG, ES, SE, AE, GB"
63,Precor,OFFBOARDING_ASSESSMENT,$20 Amazon Gift Card,postpartum,"US, AU, CA, FR, DE, IT, JP, MX, SG, ES, SE, AE, GB"
64,Sana Benefits,CA_INTRO,$25 Amazon Gift Card,Postpartum,"US, AU, CA, FR, DE, IT, JP, MX, SG, ES, SE, AE, GB"
64,Sana Benefits,CA_INTRO,$25 Amazon Gift Card,Pregnancy,"US, AU, CA, FR, DE, IT, JP, MX, SG, ES, SE, AE, GB"
64,Sana Benefits,OFFBOARDING_ASSESSMENT,$20 Amazon Gift Card,egg_freezing,"US, AU, CA, FR, DE, IT, JP, MX, SG, ES, SE, AE, GB"
64,Sana Benefits,OFFBOARDING_ASSESSMENT,$20 Amazon Gift Card,fertility,"US, AU, CA, FR, DE, IT, JP, MX, SG, ES, SE, AE, GB"
64,Sana Benefits,OFFBOARDING_ASSESSMENT,$20 Amazon Gift Card,postpartum,"US, AU, CA, FR, DE, IT, JP, MX, SG, ES, SE, AE, GB"
65,Eldridge Industries,CA_INTRO,$25 Amazon Gift Card,Postpartum,"US, AU, CA, FR, DE, IT, JP, MX, SG, ES, SE, AE, GB"
65,Eldridge Industries,CA_INTRO,$25 Amazon Gift Card,Pregnancy,"US, AU, CA, FR, DE, IT, JP, MX, SG, ES, SE, AE, GB"
65,Eldridge Industries,OFFBOARDING_ASSESSMENT,$20 Amazon Gift Card,egg_freezing,"US, AU, CA, FR, DE, IT, JP, MX, SG, ES, SE, AE, GB"
65,Eldridge Industries,OFFBOARDING_ASSESSMENT,$20 Amazon Gift Card,fertility,"US, AU, CA, FR, DE, IT, JP, MX, SG, ES, SE, AE, GB"
65,Eldridge Industries,OFFBOARDING_ASSESSMENT,$20 Amazon Gift Card,postpartum,"US, AU, CA, FR, DE, IT, JP, MX, SG, ES, SE, AE, GB"
66,Fast Retailing,CA_INTRO,$25 Amazon Gift Card,Postpartum,"US, AU, CA, FR, DE, IT, JP, MX, SG, ES, SE, AE, GB"
66,Fast Retailing,CA_INTRO,$25 Amazon Gift Card,Pregnancy,"US, AU, CA, FR, DE, IT, JP, MX, SG, ES, SE, AE, GB"
66,Fast Retailing,OFFBOARDING_ASSESSMENT,$20 Amazon Gift Card,egg_freezing,"US, AU, CA, FR, DE, IT, JP, MX, SG, ES, SE, AE, GB"
66,Fast Retailing,OFFBOARDING_ASSESSMENT,$20 Amazon Gift Card,fertility,"US, AU, CA, FR, DE, IT, JP, MX, SG, ES, SE, AE, GB"
66,Fast Retailing,OFFBOARDING_ASSESSMENT,$20 Amazon Gift Card,postpartum,"US, AU, CA, FR, DE, IT, JP, MX, SG, ES, SE, AE, GB"
67,VIP Test Accounts Primary,CA_INTRO,$25 Amazon Gift Card,Postpartum,"US, AU, CA, FR, DE, IT, JP, MX, SG, ES, SE, AE, GB"
67,VIP Test Accounts Primary,CA_INTRO,$25 Amazon Gift Card,Pregnancy,"US, AU, CA, FR, DE, IT, JP, MX, SG, ES, SE, AE, GB"
67,VIP Test Accounts Primary,OFFBOARDING_ASSESSMENT,$20 Amazon Gift Card,egg_freezing,"US, AU, CA, FR, DE, IT, JP, MX, SG, ES, SE, AE, GB"
67,VIP Test Accounts Primary,OFFBOARDING_ASSESSMENT,$20 Amazon Gift Card,fertility,"US, AU, CA, FR, DE, IT, JP, MX, SG, ES, SE, AE, GB"
67,VIP Test Accounts Primary,OFFBOARDING_ASSESSMENT,$20 Amazon Gift Card,postpartum,"US, AU, CA, FR, DE, IT, JP, MX, SG, ES, SE, AE, GB"
68,The Hartford,CA_INTRO,Maven Welcome Box,postpartum,US
68,The Hartford,CA_INTRO,Maven Welcome Box,pregnancy,US
69,Booz Allen Hamilton,CA_INTRO,$25 Amazon Gift Card,Postpartum,"US, AU, CA, FR, DE, IT, JP, MX, SG, ES, SE, AE, GB"
69,Booz Allen Hamilton,CA_INTRO,$25 Amazon Gift Card,Pregnancy,"US, AU, CA, FR, DE, IT, JP, MX, SG, ES, SE, AE, GB"
69,Booz Allen Hamilton,OFFBOARDING_ASSESSMENT,$20 Amazon Gift Card,egg_freezing,"US, AU, CA, FR, DE, IT, JP, MX, SG, ES, SE, AE, GB"
69,Booz Allen Hamilton,OFFBOARDING_ASSESSMENT,$20 Amazon Gift Card,fertility,"US, AU, CA, FR, DE, IT, JP, MX, SG, ES, SE, AE, GB"
69,Booz Allen Hamilton,OFFBOARDING_ASSESSMENT,$20 Amazon Gift Card,postpartum,"US, AU, CA, FR, DE, IT, JP, MX, SG, ES, SE, AE, GB"
70,Datadog - US Canada,CA_INTRO,$25 Amazon Gift Card,Postpartum,"US, AU, CA, FR, DE, IT, JP, MX, SG, ES, SE, AE, GB"
70,Datadog - US Canada,CA_INTRO,$25 Amazon Gift Card,Pregnancy,"US, AU, CA, FR, DE, IT, JP, MX, SG, ES, SE, AE, GB"
70,Datadog - US Canada,OFFBOARDING_ASSESSMENT,$20 Amazon Gift Card,egg_freezing,"US, AU, CA, FR, DE, IT, JP, MX, SG, ES, SE, AE, GB"
70,Datadog - US Canada,OFFBOARDING_ASSESSMENT,$20 Amazon Gift Card,fertility,"US, AU, CA, FR, DE, IT, JP, MX, SG, ES, SE, AE, GB"
70,Datadog - US Canada,OFFBOARDING_ASSESSMENT,$20 Amazon Gift Card,postpartum,"US, AU, CA, FR, DE, IT, JP, MX, SG, ES, SE, AE, GB"
71,Cozen OConnor,CA_INTRO,$25 Amazon Gift Card,Postpartum,"US, AU, CA, FR, DE, IT, JP, MX, SG, ES, SE, AE, GB"
71,Cozen OConnor,CA_INTRO,$25 Amazon Gift Card,Pregnancy,"US, AU, CA, FR, DE, IT, JP, MX, SG, ES, SE, AE, GB"
71,Cozen OConnor,OFFBOARDING_ASSESSMENT,$20 Amazon Gift Card,egg_freezing,"US, AU, CA, FR, DE, IT, JP, MX, SG, ES, SE, AE, GB"
71,Cozen OConnor,OFFBOARDING_ASSESSMENT,$20 Amazon Gift Card,fertility,"US, AU, CA, FR, DE, IT, JP, MX, SG, ES, SE, AE, GB"
71,Cozen OConnor,OFFBOARDING_ASSESSMENT,$20 Amazon Gift Card,postpartum,"US, AU, CA, FR, DE, IT, JP, MX, SG, ES, SE, AE, GB"
72,Southern Glazers Wine & Spirits,CA_INTRO,$25 Amazon Gift Card,Postpartum,"US, AU, CA, FR, DE, IT, JP, MX, SG, ES, SE, AE, GB"
72,Southern Glazers Wine & Spirits,CA_INTRO,$25 Amazon Gift Card,Pregnancy,"US, AU, CA, FR, DE, IT, JP, MX, SG, ES, SE, AE, GB"
72,Southern Glazers Wine & Spirits,OFFBOARDING_ASSESSMENT,$20 Amazon Gift Card,egg_freezing,"US, AU, CA, FR, DE, IT, JP, MX, SG, ES, SE, AE, GB"
72,Southern Glazers Wine & Spirits,OFFBOARDING_ASSESSMENT,$20 Amazon Gift Card,fertility,"US, AU, CA, FR, DE, IT, JP, MX, SG, ES, SE, AE, GB"
72,Southern Glazers Wine & Spirits,OFFBOARDING_ASSESSMENT,$20 Amazon Gift Card,postpartum,"US, AU, CA, FR, DE, IT, JP, MX, SG, ES, SE, AE, GB"
73,LOreal,CA_INTRO,Maven Welcome Box,postpartum,US
73,LOreal,CA_INTRO,Maven Welcome Box,pregnancy,US
74,Birdco,CA_INTRO,$25 Amazon Gift Card,Postpartum,"US, AU, CA, FR, DE, IT, JP, MX, SG, ES, SE, AE, GB"
74,Birdco,CA_INTRO,$25 Amazon Gift Card,Pregnancy,"US, AU, CA, FR, DE, IT, JP, MX, SG, ES, SE, AE, GB"
74,Birdco,OFFBOARDING_ASSESSMENT,$20 Amazon Gift Card,egg_freezing,"US, AU, CA, FR, DE, IT, JP, MX, SG, ES, SE, AE, GB"
74,Birdco,OFFBOARDING_ASSESSMENT,$20 Amazon Gift Card,fertility,"US, AU, CA, FR, DE, IT, JP, MX, SG, ES, SE, AE, GB"
74,Birdco,OFFBOARDING_ASSESSMENT,$20 Amazon Gift Card,postpartum,"US, AU, CA, FR, DE, IT, JP, MX, SG, ES, SE, AE, GB"
75,Medallia,CA_INTRO,$25 Amazon Gift Card,Postpartum,"US, AU, CA, FR, DE, IT, JP, MX, SG, ES, SE, AE, GB"
75,Medallia,CA_INTRO,$25 Amazon Gift Card,Pregnancy,"US, AU, CA, FR, DE, IT, JP, MX, SG, ES, SE, AE, GB"
75,Medallia,OFFBOARDING_ASSESSMENT,$20 Amazon Gift Card,egg_freezing,"US, AU, CA, FR, DE, IT, JP, MX, SG, ES, SE, AE, GB"
75,Medallia,OFFBOARDING_ASSESSMENT,$20 Amazon Gift Card,fertility,"US, AU, CA, FR, DE, IT, JP, MX, SG, ES, SE, AE, GB"
75,Medallia,OFFBOARDING_ASSESSMENT,$20 Amazon Gift Card,postpartum,"US, AU, CA, FR, DE, IT, JP, MX, SG, ES, SE, AE, GB"
76,Great Place to Work Institute Inc,CA_INTRO,$25 Amazon Gift Card,Postpartum,"US, AU, CA, FR, DE, IT, JP, MX, SG, ES, SE, AE, GB"
76,Great Place to Work Institute Inc,CA_INTRO,$25 Amazon Gift Card,Pregnancy,"US, AU, CA, FR, DE, IT, JP, MX, SG, ES, SE, AE, GB"
76,Great Place to Work Institute Inc,OFFBOARDING_ASSESSMENT,$20 Amazon Gift Card,egg_freezing,"US, AU, CA, FR, DE, IT, JP, MX, SG, ES, SE, AE, GB"
76,Great Place to Work Institute Inc,OFFBOARDING_ASSESSMENT,$20 Amazon Gift Card,fertility,"US, AU, CA, FR, DE, IT, JP, MX, SG, ES, SE, AE, GB"
76,Great Place to Work Institute Inc,OFFBOARDING_ASSESSMENT,$20 Amazon Gift Card,postpartum,"US, AU, CA, FR, DE, IT, JP, MX, SG, ES, SE, AE, GB"
77,Cornerstone OnDemand,CA_INTRO,$25 Amazon Gift Card,Postpartum,"US, AU, CA, FR, DE, IT, JP, MX, SG, ES, SE, AE, GB"
77,Cornerstone OnDemand,CA_INTRO,$25 Amazon Gift Card,Pregnancy,"US, AU, CA, FR, DE, IT, JP, MX, SG, ES, SE, AE, GB"
77,Cornerstone OnDemand,OFFBOARDING_ASSESSMENT,$20 Amazon Gift Card,egg_freezing,"US, AU, CA, FR, DE, IT, JP, MX, SG, ES, SE, AE, GB"
77,Cornerstone OnDemand,OFFBOARDING_ASSESSMENT,$20 Amazon Gift Card,fertility,"US, AU, CA, FR, DE, IT, JP, MX, SG, ES, SE, AE, GB"
77,Cornerstone OnDemand,OFFBOARDING_ASSESSMENT,$20 Amazon Gift Card,postpartum,"US, AU, CA, FR, DE, IT, JP, MX, SG, ES, SE, AE, GB"
78,Universal Music Group,CA_INTRO,$25 Amazon Gift Card,Postpartum,"US, AU, CA, FR, DE, IT, JP, MX, SG, ES, SE, AE, GB"
78,Universal Music Group,CA_INTRO,$25 Amazon Gift Card,Pregnancy,"US, AU, CA, FR, DE, IT, JP, MX, SG, ES, SE, AE, GB"
78,Universal Music Group,OFFBOARDING_ASSESSMENT,$20 Amazon Gift Card,egg_freezing,"US, AU, CA, FR, DE, IT, JP, MX, SG, ES, SE, AE, GB"
78,Universal Music Group,OFFBOARDING_ASSESSMENT,$20 Amazon Gift Card,fertility,"US, AU, CA, FR, DE, IT, JP, MX, SG, ES, SE, AE, GB"
78,Universal Music Group,OFFBOARDING_ASSESSMENT,$20 Amazon Gift Card,postpartum,"US, AU, CA, FR, DE, IT, JP, MX, SG, ES, SE, AE, GB"
79,Noble Network of Charter Schools,CA_INTRO,$25 Amazon Gift Card,Postpartum,"US, AU, CA, FR, DE, IT, JP, MX, SG, ES, SE, AE, GB"
79,Noble Network of Charter Schools,CA_INTRO,$25 Amazon Gift Card,Pregnancy,"US, AU, CA, FR, DE, IT, JP, MX, SG, ES, SE, AE, GB"
79,Noble Network of Charter Schools,OFFBOARDING_ASSESSMENT,$20 Amazon Gift Card,egg_freezing,"US, AU, CA, FR, DE, IT, JP, MX, SG, ES, SE, AE, GB"
79,Noble Network of Charter Schools,OFFBOARDING_ASSESSMENT,$20 Amazon Gift Card,fertility,"US, AU, CA, FR, DE, IT, JP, MX, SG, ES, SE, AE, GB"
79,Noble Network of Charter Schools,OFFBOARDING_ASSESSMENT,$20 Amazon Gift Card,postpartum,"US, AU, CA, FR, DE, IT, JP, MX, SG, ES, SE, AE, GB"
81,Carvana,CA_INTRO,$25 Amazon Gift Card,Postpartum,"US, AU, CA, FR, DE, IT, JP, MX, SG, ES, SE, AE, GB"
81,Carvana,CA_INTRO,$25 Amazon Gift Card,Pregnancy,"US, AU, CA, FR, DE, IT, JP, MX, SG, ES, SE, AE, GB"
81,Carvana,OFFBOARDING_ASSESSMENT,$20 Amazon Gift Card,egg_freezing,"US, AU, CA, FR, DE, IT, JP, MX, SG, ES, SE, AE, GB"
81,Carvana,OFFBOARDING_ASSESSMENT,$20 Amazon Gift Card,fertility,"US, AU, CA, FR, DE, IT, JP, MX, SG, ES, SE, AE, GB"
81,Carvana,OFFBOARDING_ASSESSMENT,$20 Amazon Gift Card,postpartum,"US, AU, CA, FR, DE, IT, JP, MX, SG, ES, SE, AE, GB"
83,AvalonBay Communities,CA_INTRO,$25 Amazon Gift Card,Postpartum,"US, AU, CA, FR, DE, IT, JP, MX, SG, ES, SE, AE, GB"
83,AvalonBay Communities,CA_INTRO,$25 Amazon Gift Card,Pregnancy,"US, AU, CA, FR, DE, IT, JP, MX, SG, ES, SE, AE, GB"
83,AvalonBay Communities,OFFBOARDING_ASSESSMENT,$20 Amazon Gift Card,egg_freezing,"US, AU, CA, FR, DE, IT, JP, MX, SG, ES, SE, AE, GB"
83,AvalonBay Communities,OFFBOARDING_ASSESSMENT,$20 Amazon Gift Card,fertility,"US, AU, CA, FR, DE, IT, JP, MX, SG, ES, SE, AE, GB"
83,AvalonBay Communities,OFFBOARDING_ASSESSMENT,$20 Amazon Gift Card,postpartum,"US, AU, CA, FR, DE, IT, JP, MX, SG, ES, SE, AE, GB"
84,Wondr Health ( formerly Naturally Slim ),CA_INTRO,$25 Amazon Gift Card,Postpartum,"US, AU, CA, FR, DE, IT, JP, MX, SG, ES, SE, AE, GB"
84,Wondr Health ( formerly Naturally Slim ),CA_INTRO,$25 Amazon Gift Card,Pregnancy,"US, AU, CA, FR, DE, IT, JP, MX, SG, ES, SE, AE, GB"
84,Wondr Health ( formerly Naturally Slim ),OFFBOARDING_ASSESSMENT,$20 Amazon Gift Card,egg_freezing,"US, AU, CA, FR, DE, IT, JP, MX, SG, ES, SE, AE, GB"
84,Wondr Health ( formerly Naturally Slim ),OFFBOARDING_ASSESSMENT,$20 Amazon Gift Card,fertility,"US, AU, CA, FR, DE, IT, JP, MX, SG, ES, SE, AE, GB"
84,Wondr Health ( formerly Naturally Slim ),OFFBOARDING_ASSESSMENT,$20 Amazon Gift Card,postpartum,"US, AU, CA, FR, DE, IT, JP, MX, SG, ES, SE, AE, GB"
85,Appen,CA_INTRO,$25 Amazon Gift Card,Postpartum,"US, AU, CA, FR, DE, IT, JP, MX, SG, ES, SE, AE, GB"
85,Appen,CA_INTRO,$25 Amazon Gift Card,Pregnancy,"US, AU, CA, FR, DE, IT, JP, MX, SG, ES, SE, AE, GB"
85,Appen,OFFBOARDING_ASSESSMENT,$20 Amazon Gift Card,egg_freezing,"US, AU, CA, FR, DE, IT, JP, MX, SG, ES, SE, AE, GB"
85,Appen,OFFBOARDING_ASSESSMENT,$20 Amazon Gift Card,fertility,"US, AU, CA, FR, DE, IT, JP, MX, SG, ES, SE, AE, GB"
85,Appen,OFFBOARDING_ASSESSMENT,$20 Amazon Gift Card,postpartum,"US, AU, CA, FR, DE, IT, JP, MX, SG, ES, SE, AE, GB"
86,West Monroe Partners,CA_INTRO,$25 Amazon Gift Card,Postpartum,"US, AU, CA, FR, DE, IT, JP, MX, SG, ES, SE, AE, GB"
86,West Monroe Partners,CA_INTRO,$25 Amazon Gift Card,Pregnancy,"US, AU, CA, FR, DE, IT, JP, MX, SG, ES, SE, AE, GB"
86,West Monroe Partners,OFFBOARDING_ASSESSMENT,$20 Amazon Gift Card,egg_freezing,"US, AU, CA, FR, DE, IT, JP, MX, SG, ES, SE, AE, GB"
86,West Monroe Partners,OFFBOARDING_ASSESSMENT,$20 Amazon Gift Card,fertility,"US, AU, CA, FR, DE, IT, JP, MX, SG, ES, SE, AE, GB"
86,West Monroe Partners,OFFBOARDING_ASSESSMENT,$20 Amazon Gift Card,postpartum,"US, AU, CA, FR, DE, IT, JP, MX, SG, ES, SE, AE, GB"
87,Kennedy Wilson Holdings,CA_INTRO,$25 Amazon Gift Card,Postpartum,"US, AU, CA, FR, DE, IT, JP, MX, SG, ES, SE, AE, GB"
87,Kennedy Wilson Holdings,CA_INTRO,$25 Amazon Gift Card,Pregnancy,"US, AU, CA, FR, DE, IT, JP, MX, SG, ES, SE, AE, GB"
87,Kennedy Wilson Holdings,OFFBOARDING_ASSESSMENT,$20 Amazon Gift Card,egg_freezing,"US, AU, CA, FR, DE, IT, JP, MX, SG, ES, SE, AE, GB"
87,Kennedy Wilson Holdings,OFFBOARDING_ASSESSMENT,$20 Amazon Gift Card,fertility,"US, AU, CA, FR, DE, IT, JP, MX, SG, ES, SE, AE, GB"
87,Kennedy Wilson Holdings,OFFBOARDING_ASSESSMENT,$20 Amazon Gift Card,postpartum,"US, AU, CA, FR, DE, IT, JP, MX, SG, ES, SE, AE, GB"
88,Storable,CA_INTRO,$25 Amazon Gift Card,Postpartum,"US, AU, CA, FR, DE, IT, JP, MX, SG, ES, SE, AE, GB"
88,Storable,CA_INTRO,$25 Amazon Gift Card,Pregnancy,"US, AU, CA, FR, DE, IT, JP, MX, SG, ES, SE, AE, GB"
88,Storable,OFFBOARDING_ASSESSMENT,$20 Amazon Gift Card,egg_freezing,"US, AU, CA, FR, DE, IT, JP, MX, SG, ES, SE, AE, GB"
88,Storable,OFFBOARDING_ASSESSMENT,$20 Amazon Gift Card,fertility,"US, AU, CA, FR, DE, IT, JP, MX, SG, ES, SE, AE, GB"
88,Storable,OFFBOARDING_ASSESSMENT,$20 Amazon Gift Card,postpartum,"US, AU, CA, FR, DE, IT, JP, MX, SG, ES, SE, AE, GB"
89,Sun River Health ( Formerly HRHCare ),CA_INTRO,$25 Amazon Gift Card,Postpartum,"US, AU, CA, FR, DE, IT, JP, MX, SG, ES, SE, AE, GB"
89,Sun River Health ( Formerly HRHCare ),CA_INTRO,$25 Amazon Gift Card,Pregnancy,"US, AU, CA, FR, DE, IT, JP, MX, SG, ES, SE, AE, GB"
89,Sun River Health ( Formerly HRHCare ),OFFBOARDING_ASSESSMENT,$20 Amazon Gift Card,egg_freezing,"US, AU, CA, FR, DE, IT, JP, MX, SG, ES, SE, AE, GB"
89,Sun River Health ( Formerly HRHCare ),OFFBOARDING_ASSESSMENT,$20 Amazon Gift Card,fertility,"US, AU, CA, FR, DE, IT, JP, MX, SG, ES, SE, AE, GB"
89,Sun River Health ( Formerly HRHCare ),OFFBOARDING_ASSESSMENT,$20 Amazon Gift Card,postpartum,"US, AU, CA, FR, DE, IT, JP, MX, SG, ES, SE, AE, GB"
90,Standard Motor,CA_INTRO,$25 Amazon Gift Card,Postpartum,"US, AU, CA, FR, DE, IT, JP, MX, SG, ES, SE, AE, GB"
90,Standard Motor,CA_INTRO,$25 Amazon Gift Card,Pregnancy,"US, AU, CA, FR, DE, IT, JP, MX, SG, ES, SE, AE, GB"
90,Standard Motor,OFFBOARDING_ASSESSMENT,$20 Amazon Gift Card,egg_freezing,"US, AU, CA, FR, DE, IT, JP, MX, SG, ES, SE, AE, GB"
90,Standard Motor,OFFBOARDING_ASSESSMENT,$20 Amazon Gift Card,fertility,"US, AU, CA, FR, DE, IT, JP, MX, SG, ES, SE, AE, GB"
90,Standard Motor,OFFBOARDING_ASSESSMENT,$20 Amazon Gift Card,postpartum,"US, AU, CA, FR, DE, IT, JP, MX, SG, ES, SE, AE, GB"
91,Major League Baseball,CA_INTRO,$25 Amazon Gift Card,Postpartum,"US, AU, CA, FR, DE, IT, JP, MX, SG, ES, SE, AE, GB"
91,Major League Baseball,CA_INTRO,$25 Amazon Gift Card,Pregnancy,"US, AU, CA, FR, DE, IT, JP, MX, SG, ES, SE, AE, GB"
91,Major League Baseball,OFFBOARDING_ASSESSMENT,$20 Amazon Gift Card,egg_freezing,"US, AU, CA, FR, DE, IT, JP, MX, SG, ES, SE, AE, GB"
91,Major League Baseball,OFFBOARDING_ASSESSMENT,$20 Amazon Gift Card,fertility,"US, AU, CA, FR, DE, IT, JP, MX, SG, ES, SE, AE, GB"
91,Major League Baseball,OFFBOARDING_ASSESSMENT,$20 Amazon Gift Card,postpartum,"US, AU, CA, FR, DE, IT, JP, MX, SG, ES, SE, AE, GB"
92,Bolton & Company,CA_INTRO,$25 Amazon Gift Card,Postpartum,"US, AU, CA, FR, DE, IT, JP, MX, SG, ES, SE, AE, GB"
92,Bolton & Company,CA_INTRO,$25 Amazon Gift Card,Pregnancy,"US, AU, CA, FR, DE, IT, JP, MX, SG, ES, SE, AE, GB"
92,Bolton & Company,OFFBOARDING_ASSESSMENT,$20 Amazon Gift Card,egg_freezing,"US, AU, CA, FR, DE, IT, JP, MX, SG, ES, SE, AE, GB"
92,Bolton & Company,OFFBOARDING_ASSESSMENT,$20 Amazon Gift Card,fertility,"US, AU, CA, FR, DE, IT, JP, MX, SG, ES, SE, AE, GB"
92,Bolton & Company,OFFBOARDING_ASSESSMENT,$20 Amazon Gift Card,postpartum,"US, AU, CA, FR, DE, IT, JP, MX, SG, ES, SE, AE, GB"
93,Kazoo,CA_INTRO,$25 Amazon Gift Card,Postpartum,"US, AU, CA, FR, DE, IT, JP, MX, SG, ES, SE, AE, GB"
93,Kazoo,CA_INTRO,$25 Amazon Gift Card,Pregnancy,"US, AU, CA, FR, DE, IT, JP, MX, SG, ES, SE, AE, GB"
93,Kazoo,OFFBOARDING_ASSESSMENT,$20 Amazon Gift Card,egg_freezing,"US, AU, CA, FR, DE, IT, JP, MX, SG, ES, SE, AE, GB"
93,Kazoo,OFFBOARDING_ASSESSMENT,$20 Amazon Gift Card,fertility,"US, AU, CA, FR, DE, IT, JP, MX, SG, ES, SE, AE, GB"
93,Kazoo,OFFBOARDING_ASSESSMENT,$20 Amazon Gift Card,postpartum,"US, AU, CA, FR, DE, IT, JP, MX, SG, ES, SE, AE, GB"
94,Paycom,CA_INTRO,$25 Amazon Gift Card,Postpartum,"US, AU, CA, FR, DE, IT, JP, MX, SG, ES, SE, AE, GB"
94,Paycom,CA_INTRO,$25 Amazon Gift Card,Pregnancy,"US, AU, CA, FR, DE, IT, JP, MX, SG, ES, SE, AE, GB"
94,Paycom,OFFBOARDING_ASSESSMENT,$20 Amazon Gift Card,egg_freezing,"US, AU, CA, FR, DE, IT, JP, MX, SG, ES, SE, AE, GB"
94,Paycom,OFFBOARDING_ASSESSMENT,$20 Amazon Gift Card,fertility,"US, AU, CA, FR, DE, IT, JP, MX, SG, ES, SE, AE, GB"
94,Paycom,OFFBOARDING_ASSESSMENT,$20 Amazon Gift Card,postpartum,"US, AU, CA, FR, DE, IT, JP, MX, SG, ES, SE, AE, GB"
95,Evercore Partners,CA_INTRO,$25 Amazon Gift Card,Postpartum,"US, AU, CA, FR, DE, IT, JP, MX, SG, ES, SE, AE, GB"
95,Evercore Partners,CA_INTRO,$25 Amazon Gift Card,Pregnancy,"US, AU, CA, FR, DE, IT, JP, MX, SG, ES, SE, AE, GB"
95,Evercore Partners,OFFBOARDING_ASSESSMENT,$20 Amazon Gift Card,egg_freezing,"US, AU, CA, FR, DE, IT, JP, MX, SG, ES, SE, AE, GB"
95,Evercore Partners,OFFBOARDING_ASSESSMENT,$20 Amazon Gift Card,fertility,"US, AU, CA, FR, DE, IT, JP, MX, SG, ES, SE, AE, GB"
95,Evercore Partners,OFFBOARDING_ASSESSMENT,$20 Amazon Gift Card,postpartum,"US, AU, CA, FR, DE, IT, JP, MX, SG, ES, SE, AE, GB"
96,Ziff Davis (Formally j2 Global),CA_INTRO,$25 Amazon Gift Card,Postpartum,"US, AU, CA, FR, DE, IT, JP, MX, SG, ES, SE, AE, GB"
96,Ziff Davis (Formally j2 Global),CA_INTRO,$25 Amazon Gift Card,Pregnancy,"US, AU, CA, FR, DE, IT, JP, MX, SG, ES, SE, AE, GB"
96,Ziff Davis (Formally j2 Global),OFFBOARDING_ASSESSMENT,$20 Amazon Gift Card,egg_freezing,"US, AU, CA, FR, DE, IT, JP, MX, SG, ES, SE, AE, GB"
96,Ziff Davis (Formally j2 Global),OFFBOARDING_ASSESSMENT,$20 Amazon Gift Card,fertility,"US, AU, CA, FR, DE, IT, JP, MX, SG, ES, SE, AE, GB"
96,Ziff Davis (Formally j2 Global),OFFBOARDING_ASSESSMENT,$20 Amazon Gift Card,postpartum,"US, AU, CA, FR, DE, IT, JP, MX, SG, ES, SE, AE, GB"
97,Boston Scientific,CA_INTRO,$25 Amazon Gift Card,Postpartum,"US, AU, CA, FR, DE, IT, JP, MX, SG, ES, SE, AE, GB"
97,Boston Scientific,CA_INTRO,$25 Amazon Gift Card,Pregnancy,"US, AU, CA, FR, DE, IT, JP, MX, SG, ES, SE, AE, GB"
97,Boston Scientific,OFFBOARDING_ASSESSMENT,$20 Amazon Gift Card,egg_freezing,"US, AU, CA, FR, DE, IT, JP, MX, SG, ES, SE, AE, GB"
97,Boston Scientific,OFFBOARDING_ASSESSMENT,$20 Amazon Gift Card,fertility,"US, AU, CA, FR, DE, IT, JP, MX, SG, ES, SE, AE, GB"
97,Boston Scientific,OFFBOARDING_ASSESSMENT,$20 Amazon Gift Card,postpartum,"US, AU, CA, FR, DE, IT, JP, MX, SG, ES, SE, AE, GB"
98,Elbit Systems of America,CA_INTRO,$25 Amazon Gift Card,Postpartum,"US, AU, CA, FR, DE, IT, JP, MX, SG, ES, SE, AE, GB"
98,Elbit Systems of America,CA_INTRO,$25 Amazon Gift Card,Pregnancy,"US, AU, CA, FR, DE, IT, JP, MX, SG, ES, SE, AE, GB"
98,Elbit Systems of America,OFFBOARDING_ASSESSMENT,$20 Amazon Gift Card,egg_freezing,"US, AU, CA, FR, DE, IT, JP, MX, SG, ES, SE, AE, GB"
98,Elbit Systems of America,OFFBOARDING_ASSESSMENT,$20 Amazon Gift Card,fertility,"US, AU, CA, FR, DE, IT, JP, MX, SG, ES, SE, AE, GB"
98,Elbit Systems of America,OFFBOARDING_ASSESSMENT,$20 Amazon Gift Card,postpartum,"US, AU, CA, FR, DE, IT, JP, MX, SG, ES, SE, AE, GB"
99,TrueBlue,CA_INTRO,$25 Amazon Gift Card,Postpartum,"US, AU, CA, FR, DE, IT, JP, MX, SG, ES, SE, AE, GB"
99,TrueBlue,CA_INTRO,$25 Amazon Gift Card,Pregnancy,"US, AU, CA, FR, DE, IT, JP, MX, SG, ES, SE, AE, GB"
99,TrueBlue,OFFBOARDING_ASSESSMENT,$20 Amazon Gift Card,egg_freezing,"US, AU, CA, FR, DE, IT, JP, MX, SG, ES, SE, AE, GB"
99,TrueBlue,OFFBOARDING_ASSESSMENT,$20 Amazon Gift Card,fertility,"US, AU, CA, FR, DE, IT, JP, MX, SG, ES, SE, AE, GB"
99,TrueBlue,OFFBOARDING_ASSESSMENT,$20 Amazon Gift Card,postpartum,"US, AU, CA, FR, DE, IT, JP, MX, SG, ES, SE, AE, GB"
100,Rothman Institute,CA_INTRO,$25 Amazon Gift Card,Postpartum,"US, AU, CA, FR, DE, IT, JP, MX, SG, ES, SE, AE, GB"
100,Rothman Institute,CA_INTRO,$25 Amazon Gift Card,Pregnancy,"US, AU, CA, FR, DE, IT, JP, MX, SG, ES, SE, AE, GB"
100,Rothman Institute,OFFBOARDING_ASSESSMENT,$20 Amazon Gift Card,egg_freezing,"US, AU, CA, FR, DE, IT, JP, MX, SG, ES, SE, AE, GB"
100,Rothman Institute,OFFBOARDING_ASSESSMENT,$20 Amazon Gift Card,fertility,"US, AU, CA, FR, DE, IT, JP, MX, SG, ES, SE, AE, GB"
100,Rothman Institute,OFFBOARDING_ASSESSMENT,$20 Amazon Gift Card,postpartum,"US, AU, CA, FR, DE, IT, JP, MX, SG, ES, SE, AE, GB"
101,Imagine Learning ( FKA WeldNorth ),CA_INTRO,$25 Amazon Gift Card,Postpartum,"US, AU, CA, FR, DE, IT, JP, MX, SG, ES, SE, AE, GB"
101,Imagine Learning ( FKA WeldNorth ),CA_INTRO,$25 Amazon Gift Card,Pregnancy,"US, AU, CA, FR, DE, IT, JP, MX, SG, ES, SE, AE, GB"
101,Imagine Learning ( FKA WeldNorth ),OFFBOARDING_ASSESSMENT,$20 Amazon Gift Card,egg_freezing,"US, AU, CA, FR, DE, IT, JP, MX, SG, ES, SE, AE, GB"
101,Imagine Learning ( FKA WeldNorth ),OFFBOARDING_ASSESSMENT,$20 Amazon Gift Card,fertility,"US, AU, CA, FR, DE, IT, JP, MX, SG, ES, SE, AE, GB"
101,Imagine Learning ( FKA WeldNorth ),OFFBOARDING_ASSESSMENT,$20 Amazon Gift Card,postpartum,"US, AU, CA, FR, DE, IT, JP, MX, SG, ES, SE, AE, GB"
102,Early Warning Services,CA_INTRO,$25 Amazon Gift Card,Postpartum,"US, AU, CA, FR, DE, IT, JP, MX, SG, ES, SE, AE, GB"
102,Early Warning Services,CA_INTRO,$25 Amazon Gift Card,Pregnancy,"US, AU, CA, FR, DE, IT, JP, MX, SG, ES, SE, AE, GB"
102,Early Warning Services,OFFBOARDING_ASSESSMENT,$20 Amazon Gift Card,egg_freezing,"US, AU, CA, FR, DE, IT, JP, MX, SG, ES, SE, AE, GB"
102,Early Warning Services,OFFBOARDING_ASSESSMENT,$20 Amazon Gift Card,fertility,"US, AU, CA, FR, DE, IT, JP, MX, SG, ES, SE, AE, GB"
102,Early Warning Services,OFFBOARDING_ASSESSMENT,$20 Amazon Gift Card,postpartum,"US, AU, CA, FR, DE, IT, JP, MX, SG, ES, SE, AE, GB"
103,EZ Texting (CallFire),CA_INTRO,$25 Amazon Gift Card,Postpartum,"US, AU, CA, FR, DE, IT, JP, MX, SG, ES, SE, AE, GB"
103,EZ Texting (CallFire),CA_INTRO,$25 Amazon Gift Card,Pregnancy,"US, AU, CA, FR, DE, IT, JP, MX, SG, ES, SE, AE, GB"
103,EZ Texting (CallFire),OFFBOARDING_ASSESSMENT,$20 Amazon Gift Card,egg_freezing,"US, AU, CA, FR, DE, IT, JP, MX, SG, ES, SE, AE, GB"
103,EZ Texting (CallFire),OFFBOARDING_ASSESSMENT,$20 Amazon Gift Card,fertility,"US, AU, CA, FR, DE, IT, JP, MX, SG, ES, SE, AE, GB"
103,EZ Texting (CallFire),OFFBOARDING_ASSESSMENT,$20 Amazon Gift Card,postpartum,"US, AU, CA, FR, DE, IT, JP, MX, SG, ES, SE, AE, GB"
105,Farmers Insurance Group of Companies,CA_INTRO,$25 Amazon Gift Card,Postpartum,"US, AU, CA, FR, DE, IT, JP, MX, SG, ES, SE, AE, GB"
105,Farmers Insurance Group of Companies,CA_INTRO,$25 Amazon Gift Card,Pregnancy,"US, AU, CA, FR, DE, IT, JP, MX, SG, ES, SE, AE, GB"
105,Farmers Insurance Group of Companies,OFFBOARDING_ASSESSMENT,$20 Amazon Gift Card,egg_freezing,"US, AU, CA, FR, DE, IT, JP, MX, SG, ES, SE, AE, GB"
105,Farmers Insurance Group of Companies,OFFBOARDING_ASSESSMENT,$20 Amazon Gift Card,fertility,"US, AU, CA, FR, DE, IT, JP, MX, SG, ES, SE, AE, GB"
105,Farmers Insurance Group of Companies,OFFBOARDING_ASSESSMENT,$20 Amazon Gift Card,postpartum,"US, AU, CA, FR, DE, IT, JP, MX, SG, ES, SE, AE, GB"
107,Wilson Sonsini Goodrich & Rosati,CA_INTRO,Maven Welcome Box,postpartum,"US, GB, CN, BE, HK"
107,Wilson Sonsini Goodrich & Rosati,CA_INTRO,Maven Welcome Box,pregnancy,"US, GB, CN, BE, HK"
108,Biora Therapeutics,CA_INTRO,$25 Amazon Gift Card,Postpartum,"US, AU, CA, FR, DE, IT, JP, MX, SG, ES, SE, AE, GB"
108,Biora Therapeutics,CA_INTRO,$25 Amazon Gift Card,Pregnancy,"US, AU, CA, FR, DE, IT, JP, MX, SG, ES, SE, AE, GB"
108,Biora Therapeutics,OFFBOARDING_ASSESSMENT,$20 Amazon Gift Card,egg_freezing,"US, AU, CA, FR, DE, IT, JP, MX, SG, ES, SE, AE, GB"
108,Biora Therapeutics,OFFBOARDING_ASSESSMENT,$20 Amazon Gift Card,fertility,"US, AU, CA, FR, DE, IT, JP, MX, SG, ES, SE, AE, GB"
108,Biora Therapeutics,OFFBOARDING_ASSESSMENT,$20 Amazon Gift Card,postpartum,"US, AU, CA, FR, DE, IT, JP, MX, SG, ES, SE, AE, GB"
109,Paycor,CA_INTRO,$25 Amazon Gift Card,Postpartum,"US, AU, CA, FR, DE, IT, JP, MX, SG, ES, SE, AE, GB"
109,Paycor,CA_INTRO,$25 Amazon Gift Card,Pregnancy,"US, AU, CA, FR, DE, IT, JP, MX, SG, ES, SE, AE, GB"
109,Paycor,OFFBOARDING_ASSESSMENT,$20 Amazon Gift Card,egg_freezing,"US, AU, CA, FR, DE, IT, JP, MX, SG, ES, SE, AE, GB"
109,Paycor,OFFBOARDING_ASSESSMENT,$20 Amazon Gift Card,fertility,"US, AU, CA, FR, DE, IT, JP, MX, SG, ES, SE, AE, GB"
109,Paycor,OFFBOARDING_ASSESSMENT,$20 Amazon Gift Card,postpartum,"US, AU, CA, FR, DE, IT, JP, MX, SG, ES, SE, AE, GB"
110,ServiceTitan,CA_INTRO,$25 Amazon Gift Card,Postpartum,"US, AU, CA, FR, DE, IT, JP, MX, SG, ES, SE, AE, GB"
110,ServiceTitan,CA_INTRO,$25 Amazon Gift Card,Pregnancy,"US, AU, CA, FR, DE, IT, JP, MX, SG, ES, SE, AE, GB"
110,ServiceTitan,OFFBOARDING_ASSESSMENT,$20 Amazon Gift Card,egg_freezing,"US, AU, CA, FR, DE, IT, JP, MX, SG, ES, SE, AE, GB"
110,ServiceTitan,OFFBOARDING_ASSESSMENT,$20 Amazon Gift Card,fertility,"US, AU, CA, FR, DE, IT, JP, MX, SG, ES, SE, AE, GB"
110,ServiceTitan,OFFBOARDING_ASSESSMENT,$20 Amazon Gift Card,postpartum,"US, AU, CA, FR, DE, IT, JP, MX, SG, ES, SE, AE, GB"
111,Jacobs,CA_INTRO,$25 Amazon Gift Card,Postpartum,"US, AU, CA, FR, DE, IT, JP, MX, SG, ES, SE, AE, GB"
111,Jacobs,CA_INTRO,$25 Amazon Gift Card,Pregnancy,"US, AU, CA, FR, DE, IT, JP, MX, SG, ES, SE, AE, GB"
111,Jacobs,OFFBOARDING_ASSESSMENT,$20 Amazon Gift Card,egg_freezing,"US, AU, CA, FR, DE, IT, JP, MX, SG, ES, SE, AE, GB"
111,Jacobs,OFFBOARDING_ASSESSMENT,$20 Amazon Gift Card,fertility,"US, AU, CA, FR, DE, IT, JP, MX, SG, ES, SE, AE, GB"
111,Jacobs,OFFBOARDING_ASSESSMENT,$20 Amazon Gift Card,postpartum,"US, AU, CA, FR, DE, IT, JP, MX, SG, ES, SE, AE, GB"
112,Danaher,CA_INTRO,$25 Amazon Gift Card,Postpartum,"US, AU, CA, FR, DE, IT, JP, MX, SG, ES, SE, AE, GB"
112,Danaher,CA_INTRO,$25 Amazon Gift Card,Pregnancy,"US, AU, CA, FR, DE, IT, JP, MX, SG, ES, SE, AE, GB"
112,Danaher,OFFBOARDING_ASSESSMENT,$20 Amazon Gift Card,egg_freezing,"US, AU, CA, FR, DE, IT, JP, MX, SG, ES, SE, AE, GB"
112,Danaher,OFFBOARDING_ASSESSMENT,$20 Amazon Gift Card,fertility,"US, AU, CA, FR, DE, IT, JP, MX, SG, ES, SE, AE, GB"
112,Danaher,OFFBOARDING_ASSESSMENT,$20 Amazon Gift Card,postpartum,"US, AU, CA, FR, DE, IT, JP, MX, SG, ES, SE, AE, GB"
113,Edwards Lifesciences,CA_INTRO,$25 Amazon Gift Card,Postpartum,"US, AU, CA, FR, DE, IT, JP, MX, SG, ES, SE, AE, GB"
113,Edwards Lifesciences,CA_INTRO,$25 Amazon Gift Card,Pregnancy,"US, AU, CA, FR, DE, IT, JP, MX, SG, ES, SE, AE, GB"
113,Edwards Lifesciences,OFFBOARDING_ASSESSMENT,$20 Amazon Gift Card,egg_freezing,"US, AU, CA, FR, DE, IT, JP, MX, SG, ES, SE, AE, GB"
113,Edwards Lifesciences,OFFBOARDING_ASSESSMENT,$20 Amazon Gift Card,fertility,"US, AU, CA, FR, DE, IT, JP, MX, SG, ES, SE, AE, GB"
113,Edwards Lifesciences,OFFBOARDING_ASSESSMENT,$20 Amazon Gift Card,postpartum,"US, AU, CA, FR, DE, IT, JP, MX, SG, ES, SE, AE, GB"
114,Insider Inc,CA_INTRO,$25 Amazon Gift Card,Postpartum,"US, AU, CA, FR, DE, IT, JP, MX, SG, ES, SE, AE, GB"
114,Insider Inc,CA_INTRO,$25 Amazon Gift Card,Pregnancy,"US, AU, CA, FR, DE, IT, JP, MX, SG, ES, SE, AE, GB"
114,Insider Inc,OFFBOARDING_ASSESSMENT,$20 Amazon Gift Card,egg_freezing,"US, AU, CA, FR, DE, IT, JP, MX, SG, ES, SE, AE, GB"
114,Insider Inc,OFFBOARDING_ASSESSMENT,$20 Amazon Gift Card,fertility,"US, AU, CA, FR, DE, IT, JP, MX, SG, ES, SE, AE, GB"
114,Insider Inc,OFFBOARDING_ASSESSMENT,$20 Amazon Gift Card,postpartum,"US, AU, CA, FR, DE, IT, JP, MX, SG, ES, SE, AE, GB"
115,Indeed,CA_INTRO,$25 Amazon Gift Card,Postpartum,"US, AU, CA, FR, DE, IT, JP, MX, SG, ES, SE, AE, GB"
115,Indeed,CA_INTRO,$25 Amazon Gift Card,Pregnancy,"US, AU, CA, FR, DE, IT, JP, MX, SG, ES, SE, AE, GB"
115,Indeed,OFFBOARDING_ASSESSMENT,$20 Amazon Gift Card,egg_freezing,"US, AU, CA, FR, DE, IT, JP, MX, SG, ES, SE, AE, GB"
115,Indeed,OFFBOARDING_ASSESSMENT,$20 Amazon Gift Card,fertility,"US, AU, CA, FR, DE, IT, JP, MX, SG, ES, SE, AE, GB"
115,Indeed,OFFBOARDING_ASSESSMENT,$20 Amazon Gift Card,postpartum,"US, AU, CA, FR, DE, IT, JP, MX, SG, ES, SE, AE, GB"
116,LendingTree,CA_INTRO,$25 Amazon Gift Card,Postpartum,"US, AU, CA, FR, DE, IT, JP, MX, SG, ES, SE, AE, GB"
116,LendingTree,CA_INTRO,$25 Amazon Gift Card,Pregnancy,"US, AU, CA, FR, DE, IT, JP, MX, SG, ES, SE, AE, GB"
116,LendingTree,OFFBOARDING_ASSESSMENT,$20 Amazon Gift Card,egg_freezing,"US, AU, CA, FR, DE, IT, JP, MX, SG, ES, SE, AE, GB"
116,LendingTree,OFFBOARDING_ASSESSMENT,$20 Amazon Gift Card,fertility,"US, AU, CA, FR, DE, IT, JP, MX, SG, ES, SE, AE, GB"
116,LendingTree,OFFBOARDING_ASSESSMENT,$20 Amazon Gift Card,postpartum,"US, AU, CA, FR, DE, IT, JP, MX, SG, ES, SE, AE, GB"
117,Havenly,CA_INTRO,$25 Amazon Gift Card,Postpartum,"US, AU, CA, FR, DE, IT, JP, MX, SG, ES, SE, AE, GB"
117,Havenly,CA_INTRO,$25 Amazon Gift Card,Pregnancy,"US, AU, CA, FR, DE, IT, JP, MX, SG, ES, SE, AE, GB"
117,Havenly,OFFBOARDING_ASSESSMENT,$20 Amazon Gift Card,egg_freezing,"US, AU, CA, FR, DE, IT, JP, MX, SG, ES, SE, AE, GB"
117,Havenly,OFFBOARDING_ASSESSMENT,$20 Amazon Gift Card,fertility,"US, AU, CA, FR, DE, IT, JP, MX, SG, ES, SE, AE, GB"
117,Havenly,OFFBOARDING_ASSESSMENT,$20 Amazon Gift Card,postpartum,"US, AU, CA, FR, DE, IT, JP, MX, SG, ES, SE, AE, GB"
119,Prosper Marketplace,CA_INTRO,$25 Amazon Gift Card,Postpartum,"US, AU, CA, FR, DE, IT, JP, MX, SG, ES, SE, AE, GB"
119,Prosper Marketplace,CA_INTRO,$25 Amazon Gift Card,Pregnancy,"US, AU, CA, FR, DE, IT, JP, MX, SG, ES, SE, AE, GB"
119,Prosper Marketplace,OFFBOARDING_ASSESSMENT,$20 Amazon Gift Card,egg_freezing,"US, AU, CA, FR, DE, IT, JP, MX, SG, ES, SE, AE, GB"
119,Prosper Marketplace,OFFBOARDING_ASSESSMENT,$20 Amazon Gift Card,fertility,"US, AU, CA, FR, DE, IT, JP, MX, SG, ES, SE, AE, GB"
119,Prosper Marketplace,OFFBOARDING_ASSESSMENT,$20 Amazon Gift Card,postpartum,"US, AU, CA, FR, DE, IT, JP, MX, SG, ES, SE, AE, GB"
120,Scion Health,CA_INTRO,$25 Amazon Gift Card,Postpartum,"US, AU, CA, FR, DE, IT, JP, MX, SG, ES, SE, AE, GB"
120,Scion Health,CA_INTRO,$25 Amazon Gift Card,Pregnancy,"US, AU, CA, FR, DE, IT, JP, MX, SG, ES, SE, AE, GB"
120,Scion Health,OFFBOARDING_ASSESSMENT,$20 Amazon Gift Card,egg_freezing,"US, AU, CA, FR, DE, IT, JP, MX, SG, ES, SE, AE, GB"
120,Scion Health,OFFBOARDING_ASSESSMENT,$20 Amazon Gift Card,fertility,"US, AU, CA, FR, DE, IT, JP, MX, SG, ES, SE, AE, GB"
120,Scion Health,OFFBOARDING_ASSESSMENT,$20 Amazon Gift Card,postpartum,"US, AU, CA, FR, DE, IT, JP, MX, SG, ES, SE, AE, GB"
121,MassHealth,CA_INTRO,$25 Amazon Gift Card,Postpartum,"US, AU, CA, FR, DE, IT, JP, MX, SG, ES, SE, AE, GB"
121,MassHealth,CA_INTRO,$25 Amazon Gift Card,Pregnancy,"US, AU, CA, FR, DE, IT, JP, MX, SG, ES, SE, AE, GB"
121,MassHealth,OFFBOARDING_ASSESSMENT,$20 Amazon Gift Card,egg_freezing,"US, AU, CA, FR, DE, IT, JP, MX, SG, ES, SE, AE, GB"
121,MassHealth,OFFBOARDING_ASSESSMENT,$20 Amazon Gift Card,fertility,"US, AU, CA, FR, DE, IT, JP, MX, SG, ES, SE, AE, GB"
121,MassHealth,OFFBOARDING_ASSESSMENT,$20 Amazon Gift Card,postpartum,"US, AU, CA, FR, DE, IT, JP, MX, SG, ES, SE, AE, GB"